id_cliente,prediccion
2,0.1354289101308472
3,0.18696126731121882
7,0.14348714364067028
10,0.11402031108221476
11,0.1137355935925894
12,0.09161398519063467
14,0.13581257764976387
16,0.15290372887300524
25,0.20884698014869277
32,0.10780714034147015
38,0.11937683333970839
42,0.15676448597986503
63,0.12756866035075579
65,0.12390956819793743
70,0.15209276350088852
74,0.10590372181133703
76,0.15385221499722668
83,0.1157251467981539
90,0.1389789575108133
98,0.10369060802280379
104,0.12550040736491497
121,0.12069143727494144
124,0.11260858358031839
125,0.11137814482735653
137,0.15420138952556453
143,0.13421385338182587
144,0.10978384479823732
157,0.11319508675536999
163,0.18451264255115069
197,0.22284263668562762
203,0.19516609281875577
205,0.14768453936056541
209,0.1636938953022506
228,0.1018659945239945
231,0.10839624756621298
237,0.16582481642156277
243,0.11294005115090106
247,0.11998218372281293
249,0.1254702485570227
253,0.18615883646496156
261,0.12432236296592877
263,0.0983689515096893
275,0.0996578818183963
279,0.13998261438750062
280,0.09619502583175064
292,0.14474283454640968
297,0.09951771703546257
299,0.09551833232566151
302,0.12295483816761986
304,0.11568854989482835
308,0.09928740719534808
318,0.126826032786595
319,0.15703840476178124
323,0.09983691355024908
325,0.1514389497819426
339,0.09684661051490305
340,0.10497348855966067
355,0.0988253855860966
359,0.15786605245769963
368,0.13684341028502742
371,0.11707066907406624
378,0.14919280147488082
390,0.09265162019818102
392,0.10585701573881137
409,0.11715023225226064
412,0.12171136286825832
420,0.09468697467460609
422,0.10023407959064301
428,0.09918225437362399
429,0.09338135698634098
430,0.12088231985691297
434,0.10312116401877866
437,0.1430276719227399
447,0.13390873548277368
464,0.09712453071150734
466,0.18005436958637122
468,0.1479122163220604
470,0.11275533320889791
473,0.1801154009631385
475,0.09750346258701355
476,0.1480122179050217
480,0.09197742786593473
483,0.11499005455816372
487,0.10359217277879637
495,0.14861231531479283
496,0.11692971367461935
499,0.11617952485760234
502,0.15608553994893526
504,0.10197848847847342
508,0.1020500253923761
514,0.11472708173870147
515,0.14903468054867303
538,0.11168376250986702
548,0.1309469591700336
551,0.10898190725166218
553,0.2290982707936869
560,0.13305673687847222
564,0.09551500194242664
572,0.11645140225628257
577,0.09928723549022807
578,0.12402427187916157
591,0.09393390968090355
593,0.09900465156250639
604,0.11467251247153885
606,0.15620100522623095
614,0.10316565703855111
616,0.10058469476129889
622,0.09350184203265942
626,0.10075082342426889
632,0.09476799162373958
637,0.11326014447370386
640,0.13014553760914155
647,0.11419439940552804
648,0.09423716068400599
653,0.12576000121482747
654,0.10079684602412847
659,0.13736030045870523
661,0.12178934276530931
670,0.1383131375601559
671,0.11642404762868057
673,0.11368223819092775
674,0.11244415323039068
682,0.11195775409795564
683,0.1243757882912341
687,0.1282894792406036
688,0.12809314585888396
689,0.12339311332946952
701,0.0969139829844048
705,0.10889014564690276
707,0.09555941786085514
710,0.16571203726503425
714,0.09925200774344901
716,0.1114865108031859
717,0.15857229347458476
729,0.11200899091095146
732,0.11121173536415128
734,0.15068326114914415
736,0.1548066779826602
742,0.10320692162424604
750,0.10908144378346393
764,0.11872701720842291
767,0.1303683501021841
768,0.123338740444672
774,0.1826738869634181
777,0.15032923604664636
784,0.12468592303633094
785,0.11534395833384505
786,0.12800216870169337
787,0.14698441829374922
788,0.10133505878798275
790,0.10818314736548555
794,0.10801389114244825
796,0.13135086882269942
802,0.08861941166731696
812,0.10833402829460047
814,0.0919279510616616
816,0.12329847678480771
817,0.12694099677185267
834,0.15007426296665197
835,0.17357314396163126
836,0.14870008570557663
837,0.13268957005626844
840,0.14021262834328707
841,0.15771793643006551
854,0.18362091688567148
858,0.1501804873003932
859,0.12372791512500933
883,0.08790504889287643
887,0.12253372158097242
902,0.13045267746332587
913,0.1240964979444532
915,0.12859065134796896
916,0.1350122618003084
917,0.1517311581593702
924,0.13996596066147132
929,0.16072259752745083
933,0.11556960920286914
936,0.1101953258389303
941,0.12386812159393092
946,0.13719404633731463
948,0.12327470314365108
952,0.10533581801051912
959,0.09887452515173818
963,0.11434217858209024
965,0.10539858858564874
970,0.10350935858735937
975,0.18593699003844677
979,0.11366596634341249
982,0.09445274966559089
986,0.11729844260103404
992,0.14978239299254192
1003,0.10383077967033226
1004,0.1409177089152355
1007,0.1359045846341184
1014,0.14875123748644892
1017,0.09887161458604966
1018,0.1277909692983964
1043,0.12531974291833367
1046,0.10790431276144224
1052,0.10119383987057791
