feature,shap_importance
dias_ultima_interaccion_std,1.1050705561210836
meses_en_sistema,0.6110973209983456
banda_riesgo,0.2943987792423048
dias_ultima_interaccion_mean,0.18781677651115097
dias_ultima_interaccion_max,0.15191528956449837
dias_ultima_interaccion_min,0.12069644388780713
dias_ultima_transaccion_min,0.07645901169913115
activo_movil,0.07059011722005164
dias_ultima_transaccion,0.0652053105958181
dias_ultima_transaccion_max,0.06486762281038554
numero_productos,0.06354448626553547
dias_ultima_transaccion_mean,0.062091438494403496
numero_productos_mean,0.05485359800664307
dias_ultima_interaccion,0.04221316014892551
numero_productos_max,0.039825929316608055
tiene_tarjeta_credito,0.035752648349063866
numero_productos_min,0.029532016785727942
region,0.024757283261824015
antiguedad_cuenta_meses_max,0.013663621287814964
canal_adquisicion,0.01271542385032551
tiene_prestamo,0.011745640417283442
antiguedad_cuenta_meses,0.010621537137801996
ratio_deuda_ingresos_min,0.010166945738740362
ratio_deuda_ingresos_mean,0.010059534479579508
ratio_deuda_ingresos_max,0.009770154689774947
ocupacion,0.009653118324059242
antiguedad_direccion_meses_max,0.009631665591059725
saldo_promedio_min,0.009301177290397535
ingresos,0.00919306694969759
ingresos_mean,0.009032479849637669
antiguedad_direccion_meses_mean,0.00885845532314413
antiguedad_direccion_meses,0.008796568570481679
antiguedad_direccion_meses_min,0.008752616691172646
ingresos_min,0.008580926705266783
distancia_sucursal_km_min,0.008395363920795167
ratio_deuda_ingresos,0.008382003663144212
distancia_sucursal_km_mean,0.00827814683284983
dispositivo_principal,0.008268957023323302
distancia_sucursal_km_max,0.008257777832036751
saldo_promedio,0.008237430402952496
saldo_promedio_max,0.00802135904331911
saldo_promedio_mean,0.007905470075681216
edad_mean,0.007846376238884165
antiguedad_cuenta_meses_mean,0.007506403047073503
edad_min,0.007208657852398794
ingresos_max,0.007206220960792567
edad,0.006913830252249227
distancia_sucursal_km,0.006837368085009382
antiguedad_cuenta_meses_min,0.006515748062333978
dia_preferido_pago,0.006057621326451483
edad_max,0.005571318804335033
visitas_web_ultimos_90_dias_min,0.005243138201707275
dia_preferido_pago_max,0.0051362622673902835
dia_preferido_pago_min,0.004876830303429419
visitas_web_ultimos_90_dias,0.004685110933918526
visitas_web_ultimos_90_dias_mean,0.004443385926213451
dia_preferido_pago_mean,0.004416401225425477
visitas_web_ultimos_90_dias_max,0.0027237803185104145
tiene_seguro,0.0021735127632533584
es_nuevo_cliente,0.0015513016637624338
saldo_promedio_trend,0.0
ratio_deuda_ingresos_trend,0.0
edad_std,0.0
ingresos_trend,0.0
dias_ultima_transaccion_std,0.0
ingresos_std,0.0
dia_preferido_pago_std,0.0
saldo_promedio_std,0.0
distancia_sucursal_km_std,0.0
ratio_deuda_ingresos_std,0.0
antiguedad_cuenta_meses_std,0.0
visitas_web_ultimos_90_dias_std,0.0
antiguedad_direccion_meses_std,0.0
numero_productos_std,0.0
